class_group,class_teacher,class_name,class_id,class_time,class_ct,class_condition
网络通识课,无　,大学美育,202420252007500,时间任选,不冲突,120/120
网络通识课,无　,情绪管理,202420252007375,时间任选,不冲突,120/120
网络通识课,无　,微观经济学,202420252007401,时间任选,不冲突,120/120
网络通识课,无　,巧克毕业论文,202420252007374,时间任选,不冲突,120/120
网络通识课,无　,全球变化生态学,202420252007376,时间任选,不冲突,120/120
网络通识课,无　,化妆品赏析与应用,202420252007472,时间任选,不冲突,120/120
网络通识课,无　,食品质量控制....,202420252007390,时间任选,不冲突,120/120
公共任选课,无　,乌克兰语入门,202420252006548,时间任选,冲突　,15/15
网络通识课,无　,6：大学生英....,202420252007474,时间任选,不冲突,120/120
网络通识课,无　,中国民间艺术....,202420252007426,时间任选,不冲突,120/120
网络通识课,无　,欧洲一体化,202420252007371,时间任选,不冲突,120/120
网络通识课,无　,艺术导论(西....,202420252007418,时间任选,不冲突,119/120
网络通识课,无　,数学大观,202420252007393,时间任选,不冲突,120/120
公共任选课,无　,东方医学文化....,202420252007020,时间任选,冲突　,18/30
艺术类公共任选,无　,女性形体训练,202420252007018,时间任选,不冲突,25/25
艺术类公共任选,无　,女性形体训练,202420252007019,时间任选,冲突　,25/25
创新创业类,无　,上）,202420252006293,时间任选,冲突　,90/125
网络通识课,无　,法语学习与法....,202420252007503,时间任选,不冲突,120/120
网络通识课,无　,星海求知：天....,202420252007415,时间任选,不冲突,120/120
艺术类网络课程,无　,走进西方音乐,202420252007450,时间任选,不冲突,120/120
网络通识课,无　,海上丝绸之路,202420252007507,时间任选,不冲突,120/120
网络通识课,无　,情商与智慧人生,202420252007488,时间任选,不冲突,120/120
公共任选课,无　,马来语入门,202420252006550,时间任选,不冲突,30/30
公共任选课,无　,沟通的力量—....,202420252007342,时间任选,不冲突,20/20
公共任选课,无　,沟通的力量—....,202420252007343,时间任选,不冲突,20/20
网络通识课,无　,音乐鉴赏,202420252007420,时间任选,不冲突,120/120
网络通识课,无　,世界建筑史,202420252007391,时间任选,不冲突,120/120
艺术类公共任选,无　,化妆设计基础,202420252007518,时间任选,不冲突,92/110
艺术类公共任选,无　,欧洲音乐赏析,202420252006552,时间任选,不冲突,44/50
网络通识课,无　,用相声演绎中....,202420252007422,时间任选,不冲突,120/120
艺术类公共任选,无　,欧洲歌剧赏析,202420252006556,时间任选,冲突　,50/50
网络通识课,无　,探寻中国茶：....,202420252007399,时间任选,不冲突,120/120
网络通识课,无　,戏曲鉴赏,202420252007408,时间任选,不冲突,120/120
网络通识课,无　,论文写作初阶,202420252007367,时间任选,不冲突,120/120
网络通识课,无　,习近平总书记....,202420252007407,时间任选,不冲突,120/120
网络通识课,无　,心理、行为与文化,202420252007410,时间任选,不冲突,120/120
公共任选课,无　,哲学的邀请,202420252007021,时间任选,不冲突,70/70
网络通识课,无　,中国古代技术,202420252007436,时间任选,不冲突,120/120
网络通识课,无　,葡萄酒与西方文化,202420252007486,时间任选,不冲突,120/120
网络通识课,无　,舌尖上的植物学,202420252007382,时间任选,不冲突,120/120
网络通识课,无　,数学文化,202420252007395,时间任选,不冲突,120/120
公共任选课,无　,中国当代小说....,202420252006551,时间任选,不冲突,32/40
网络通识课,无　,数学的奥秘：....,202420252007394,时间任选,不冲突,120/120
公共任选课,无　,中文国际传播,202420252006305,时间任选,不冲突,24/90
公共任选课,无　,中文国际传播,202420252006304,时间任选,冲突　,46/90
创新创业类,无　,非物质文化遗....,202420252006543,时间任选,冲突　,48/50
公共任选课,无　,俄罗斯国民信....,202420252006568,时间任选,不冲突,25/20
网络通识课,无　,人人爱设计,202420252007378,时间任选,不冲突,120/120
网络通识课,无　,生命安全与救援,202420252007386,时间任选,不冲突,120/120
网络通识课,无　,科研方法及应用,202420252007365,时间任选,不冲突,120/120
公共任选课,无　,媒体与传播,202420252007346,时间任选,不冲突,25/30
网络通识课,无　,大学体育,202420252007501,时间任选,不冲突,120/120
网络通识课,无　,钢琴艺术赏析,202420252007466,时间任选,不冲突,119/120
创新创业类,无　,公益创业实训....,202420252006544,时间任选,不冲突,43/50
网络通识课,无　,医学伦理学,202420252007416,时间任选,不冲突,120/120
网络通识课,无　,人工智能与信....,202420252007377,时间任选,不冲突,120/120
公共任选课,无　,国际贸易实务,202420252007029,时间任选,不冲突,9/25
公共任选课,无　,国际贸易实务,202420252007028,时间任选,冲突　,9/25
网络通识课,无　,从爱因斯坦到....,202420252007499,时间任选,不冲突,120/120
公共任选课,无　,欧美文学名篇赏析,202420252006538,时间任选,冲突　,16/60
网络通识课,无　,公共日语,202420252007505,时间任选,不冲突,120/120
网络通识课,无　,信息素养通识....,202420252007413,时间任选,不冲突,120/120
网络通识课,无　,气韵生动：走....,202420252007373,时间任选,不冲突,120/120
公共任选课,无　,外交心理学与....,202420252006296,时间任选,冲突　,37/40
网络通识课,无　,人人学点营销学,202420252007379,时间任选,不冲突,120/120
网络通识课,无　,科学启蒙,202420252007479,时间任选,不冲突,120/120
艺术类公共任选,无　,版面设计鉴赏....,202420252007027,时间任选,不冲突,15/15
网络通识课,无　,习近平总书记....,202420252007406,时间任选,不冲突,120/120
艺术类公共任选,无　,中国民族声乐....,202420252007017,时间任选,冲突　,4/30
公共任选课,无　,高级新闻英语,202420252006570,时间任选,不冲突,18/18
网络通识课,无　,推开经济学之门,202420252007400,时间任选,不冲突,120/120
网络通识课,无　,健康与健康能力,202420252007512,时间任选,不冲突,120/120
艺术类公共任选,无　,琵琶演奏艺术....,202420252006547,时间任选,冲突　,7/8
艺术类网络课程,无　,东方文学史,202420252007432,时间任选,不冲突,120/120
公共任选课,无　,马来西亚概况,202420252006549,时间任选,不冲突,30/30
公共任选课,无　,经济学原理,202420252007806,时间任选,不冲突,0/15
网络通识课,无　,大学生健康教育,202420252007462,时间任选,不冲突,120/120
网络通识课,无　,创新思维训练,202420252007496,时间任选,不冲突,120/120
网络通识课,无　,中国历史人文....,202420252007425,时间任选,不冲突,119/120
网络通识课,无　,红色经典影片....,202420252007471,时间任选,不冲突,120/120
公共任选课,无　,管理学原理与实践,202420252006299,时间任选,不冲突,90/150
公共任选课,无　,职业生涯规划....,202420252006298,时间任选,冲突　,22/30
网络通识课,无　,Python....,202420252007494,时间任选,不冲突,120/120
公共必修类,无　,国家安全教育,202420252007758,时间任选,不冲突,2869/10000
网络通识课,无　,智能文明,202420252007435,时间任选,不冲突,120/120
网络通识课,无　,欧洲文明概论,202420252007484,时间任选,不冲突,120/120
公共任选课,无　,传染病与人体免疫,202420252007031,时间任选,不冲突,8/34
公共任选课,无　,传染病与人体免疫,202420252007032,时间任选,冲突　,15/34
公共任选课,无　,传染病与人体免疫,202420252007033,时间任选,不冲突,11/34
未知分类,无　,美学原理,202420252007794,时间任选,冲突　,0/15
网络通识课,无　,中华诗词之美,202420252007428,时间任选,不冲突,120/120
网络通识课,无　,安全与急救,202420252007498,时间任选,不冲突,119/120
网络通识课,无　,东南亚文化,202420252007464,时间任选,不冲突,120/120
网络通识课,无　,拉美文化,202420252007480,时间任选,不冲突,120/120
网络通识课,无　,文献管理与信....,202420252007402,时间任选,不冲突,120/120
网络通识课,无　,走进人工智能,202420252007443,时间任选,不冲突,120/120
公共任选课,无　,社会调查与分....,202420252007546,时间任选,不冲突,5/15
网络通识课,无　,法律基础,202420252007502,时间任选,不冲突,120/120
艺术类公共任选,无　,设计鉴赏,202420252007353,时间任选,冲突　,15/15
公共任选课,无　,大学英语协同写作,202420252006303,时间任选,冲突　,28/35
网络通识课,无　,科幻中的物理学,202420252007478,时间任选,不冲突,120/120
网络通识课,无　,创新创业大赛....,202420252007458,时间任选,不冲突,120/120
网络通识课,无　,近代中日关系....,202420252007475,时间任选,不冲突,120/120
网络通识课,无　,创业人生,202420252007460,时间任选,不冲突,120/120
公共任选课,无　,传媒翻译,202420252007351,时间任选,冲突　,22/30
网络通识课,无　,民歌鉴赏,202420252007483,时间任选,不冲突,120/120
网络通识课,无　,中国文化：复....,202420252007438,时间任选,不冲突,120/120
创新创业类,无　,创新实践I,202420252006294,时间任选,不冲突,27/30
创新创业类,无　,创新实践I,202420252006295,时间任选,冲突　,12/30
网络通识课,无　,太阳系中的有....,202420252007398,时间任选,不冲突,120/120
网络通识课,无　,个人理财规划,202420252007467,时间任选,不冲突,120/120
网络通识课,无　,考古与人类,202420252007369,时间任选,不冲突,120/120
网络通识课,无　,人文视野中的....,202420252007380,时间任选,不冲突,120/120
网络通识课,无　,女生穿搭技巧,202420252007370,时间任选,不冲突,120/120
公共任选课,无　,英美诗歌名篇赏析,202420252007014,时间任选,不冲突,126/130
网络通识课,无　,经济决策思维....,202420252007513,时间任选,不冲突,120/120
网络通识课,无　,应用写作技能....,202420252007433,时间任选,不冲突,120/120
公共任选课,无　,中国文化日语....,202420252007015,时间任选,不冲突,30/30
艺术类网络课程,无　,美学原理,202420252007451,时间任选,不冲突,120/120
网络通识课,无　,绘画里的中国....,202420252007510,时间任选,不冲突,120/120
网络通识课,无　,古代名剧鉴赏,202420252007468,时间任选,不冲突,120/120
网络通识课,无　,常见病的健康管理,202420252007457,时间任选,不冲突,120/120
公共任选课,无　,性格优势培育....,202420252006571,时间任选,冲突　,3/40
网络通识课,无　,马克思主义民....,202420252007482,时间任选,不冲突,120/120
公共任选课,无　,微生物与人类生活,202420252007022,时间任选,冲突　,6/34
公共任选课,无　,微生物与人类生活,202420252007023,时间任选,不冲突,8/34
公共任选课,无　,微生物与人类生活,202420252007024,时间任选,不冲突,12/34
公共任选课,无　,数字文化传播前沿,202420252006292,时间任选,冲突　,22/30
网络通识课,无　,中国历史人文....,202420252007437,时间任选,不冲突,120/120
网络通识课,无　,文艺复兴：欧....,202420252007403,时间任选,不冲突,120/120
公共任选课,无　,英语演讲与写作,202420252006732,时间任选,冲突　,9/40
艺术类网络课程,无　,艺术鉴赏,202420252007452,时间任选,不冲突,853/5000
网络通识课,无　,辩论修养,202420252007493,时间任选,不冲突,120/120
公共任选课,无　,辽宁红色旅游....,202420252007009,时间任选,冲突　,39/60
网络通识课,无　,媒体创意经济....,202420252007368,时间任选,不冲突,120/120
网络通识课,无　,意大利文化,202420252007419,时间任选,不冲突,120/120
创新创业类,无　,创新实践II,202420252006289,时间任选,不冲突,16/30
创新创业类,无　,创新实践II,202420252006290,时间任选,冲突　,7/30
公共必修类,无　,劳动教育,202420252007759,时间任选,不冲突,2795/10000
网络通识课,无　,走进创业,202420252007441,时间任选,不冲突,120/120
网络通识课,无　,德国史,202420252007463,时间任选,不冲突,120/120
网络通识课,无　,中医健康理念,202420252007429,时间任选,不冲突,120/120
公共任选课,无　,波兰语入门1,202420252007339,时间任选,不冲突,20/20
艺术类公共任选,无　,服饰搭配基础,202420252007517,时间任选,冲突　,45/110
网络通识课,无　,智能法理,202420252007423,时间任选,不冲突,120/120
网络通识课,无　,舞蹈鉴赏,202420252007405,时间任选,不冲突,120/120
体育必修类,李宏,羽毛球28,202420252006364,"1周 星期五 7-8节2-9,11-18周 星期五 7-8节",不冲突,30/30
体育必修类,李宏,羽毛球24,202420252006360,"1周 星期四 5-6节2-9,11-18周 星期四 5-6节",冲突　,30/30
体育必修类,王淼,羽毛球20,202420252006356,"1周 星期三 3-4节2-9,11-18周 星期三 3-4节",不冲突,30/30
体育必修类,刘美子,羽毛球16,202420252006352,"1周 星期二 7-8节2-9,11-18周 星期二 7-8节",冲突　,30/30
体育必修类,郭聪,羽毛球12,202420252006348,"1周 星期二 5-6节2-9,11-18周 星期二 5-6节",冲突　,30/30
体育必修类,刘美子,羽毛球08,202420252006344,"1周 星期一 7-8节2-9,11-18周 星期一 7-8节",冲突　,30/30
体育必修类,刘美子,羽毛球04,202420252006340,"1周 星期一 5-6节2-9,11-18周 星期一 5-6节",不冲突,30/30
体育必修类,郭帅伟,乒乓球29,202420252006334,"1周 星期五 7-8节2-9,11-18周 星期五 7-8节",不冲突,30/30
体育必修类,郭帅伟,乒乓球25,202420252006330,"1周 星期五 1-2节2-9,11-18周 星期五 1-2节",冲突　,30/30
体育必修类,王盛国,乒乓球21,202420252006326,"1周 星期四 5-6节2-9,11-18周 星期四 5-6节",冲突　,30/30
体育必修类,王盛国,乒乓球17,202420252006322,"1周 星期四 1-2节2-9,11-18周 星期四 1-2节",冲突　,30/30
体育必修类,王盛国,乒乓球13,202420252006318,"1周 星期三 1-2节2-9,11-18周 星期三 1-2节",冲突　,30/30
体育必修类,郑欣,乒乓球09,202420252006314,"1周 星期二 5-6节2-9,11-18周 星期二 5-6节",冲突　,30/30
体育必修类,赵长璧,乒乓球05,202420252006310,"1周 星期一 7-8节2-9,11-18周 星期一 7-8节",冲突　,30/30
体育必修类,郭帅伟,乒乓球01,202420252006306,"1周 星期一 3-4节2-9,11-18周 星期一 3-4节",冲突　,30/30
体育必修类,张丹,健美操03,202420252006572,"1周 星期四 3-4节2-9,11-18周 星期四 3-4节",不冲突,30/30
体育必修类,赵长璧,羽毛球25,202420252006361,"2-9,11-18周 星期四 5-6节1周 星期四 5-6节",冲突　,30/30
体育必修类,王淼,羽毛球21,202420252006357,"2-9,11-18周 星期四 1-2节1周 星期四 1-2节",冲突　,30/30
体育必修类,王淼,羽毛球17,202420252006353,"2-9,11-18周 星期三 1-2节1周 星期三 1-2节",冲突　,30/30
体育必修类,刘美子,羽毛球13,202420252006349,"2-9,11-18周 星期二 5-6节1周 星期二 5-6节",冲突　,30/30
体育必修类,王淼,羽毛球09,202420252006345,"2-9,11-18周 星期二 3-4节1周 星期二 3-4节",冲突　,27/30
体育必修类,郭聪,羽毛球05,202420252006341,"2-9,11-18周 星期一 5-6节1周 星期一 5-6节",不冲突,30/30
体育必修类,刘美子,羽毛球01,202420252006337,"2-9,11-18周 星期一 3-4节1周 星期一 3-4节",冲突　,30/30
体育必修类,郑欣,乒乓球30,202420252006335,"2-9,11-18周 星期五 7-8节1周 星期五 7-8节",不冲突,30/30
体育必修类,郭帅伟,乒乓球26,202420252006331,"2-9,11-18周 星期五 3-4节1周 星期五 3-4节",不冲突,30/30
体育必修类,郑欣,乒乓球22,202420252006327,"2-9,11-18周 星期四 5-6节1周 星期四 5-6节",冲突　,30/30
体育必修类,郑欣,乒乓球18,202420252006323,"2-9,11-18周 星期四 1-2节1周 星期四 1-2节",冲突　,30/30
体育必修类,王宁,乒乓球14,202420252006319,"2-9,11-18周 星期三 1-2节1周 星期三 1-2节",冲突　,30/30
体育必修类,王盛国,乒乓球10,202420252006315,"2-9,11-18周 星期二 5-6节1周 星期二 5-6节",冲突　,30/30
体育必修类,王盛国,乒乓球06,202420252006311,"2-9,11-18周 星期一 7-8节1周 星期一 7-8节",冲突　,30/30
体育必修类,王盛国,乒乓球02,202420252006307,"2-9,11-18周 星期一 3-4节1周 星期一 3-4节",冲突　,29/30
体育必修类,潘柯佐,网球10,202420252006435,"2-9,11-18周 星期四 5-6节1周 星期四 5-6节",冲突　,30/30
体育必修类,宋颖达,匹克球07,202420252006530,"2-9,11-18周 星期五 5-6节1周 星期五 5-6节",冲突　,30/30
体育必修类,王宁,匹克球02,202420252006525,"2-9,11-18周 星期四 1-2节1周 星期四 1-2节",冲突　,30/30
体育必修类,宋颖达,健身02,202420252006518,"2-9,11-18周 星期一 5-6节1周 星期一 5-6节",不冲突,30/30
体育必修类,郭聪,羽毛球10,202420252006346,"2-9,11-18周 星期二 3-4节1周 星期二 3-4节",冲突　,30/30
体育必修类,李宏,羽毛球06,202420252006342,"2-9,11-18周 星期一 7-8节1周 星期一 7-8节",冲突　,30/30
体育必修类,郭聪,羽毛球02,202420252006338,"2-9,11-18周 星期一 3-4节1周 星期一 3-4节",冲突　,30/30
体育必修类,王盛国,乒乓球23,202420252006328,"2-9,11-18周 星期四 7-8节1周 星期四 7-8节",不冲突,30/30
体育必修类,王盛国,乒乓球19,202420252006324,"2-9,11-18周 星期四 3-4节1周 星期四 3-4节",不冲突,30/30
体育必修类,王盛国,乒乓球15,202420252006320,"2-9,11-18周 星期三 3-4节1周 星期三 3-4节",不冲突,27/30
体育必修类,郑欣,乒乓球11,202420252006316,"2-9,11-18周 星期二 7-8节1周 星期二 7-8节",冲突　,30/30
体育必修类,王宁,乒乓球07,202420252006312,"2-9,11-18周 星期二 3-4节1周 星期二 3-4节",冲突　,26/30
体育必修类,赵长璧,乒乓球03,202420252006308,"2-9,11-18周 星期一 5-6节1周 星期一 5-6节",不冲突,30/30
体育必修类,潘柯佐,网球12,202420252006437,"1周 星期四 7-8节2-9,11-18周 星期四 7-8节",不冲突,30/30
体育必修类,张淼,网球07,202420252006432,"1周 星期三 3-4节2-9,11-18周 星期三 3-4节",不冲突,30/30
体育必修类,王广阳,网球01,202420252006426,"1周 星期一 3-4节2-9,11-18周 星期一 3-4节",冲突　,30/30
体育必修类,王伟佳,足球02,202420252006418,"1周 星期二 5-6节2-9,11-18周 星期二 5-6节",冲突　,30/30
体育必修类,郑欣,交谊舞08,202420252006415,"1周 星期五 3-4节2-9,11-18周 星期五 3-4节",不冲突,30/30
体育必修类,葛卫东,排球08,202420252006405,"1周 星期五 5-6节2-9,11-18周 星期五 5-6节",冲突　,28/30
体育必修类,王淼,排球04,202420252006401,"2-9,11-18周 星期二 5-6节1周 星期二 5-6节",冲突　,28/30
体育必修类,葛卫东,排球02,202420252006399,"1周 星期一 5-6节2-9,11-18周 星期一 5-6节",不冲突,30/30
体育必修类,王清泽,篮球18,202420252006394,"2-9,11-18周 星期五 5-6节1周 星期五 5-6节",冲突　,27/30
体育必修类,葛卫东,篮球09,202420252006385,"2-9,11-18周 星期三 1-2节1周 星期三 1-2节",冲突　,30/30
体育必修类,李宏,篮球01,202420252006377,"2-9,11-18周 星期一 3-4节1周 星期一 3-4节",冲突　,30/30
体育必修类,郭聪,羽毛球35,202420252006371,"2-9,11-18周 星期五 7-8节1周 星期五 7-8节",不冲突,30/30
体育必修类,郭聪,羽毛球23,202420252006359,"2-9,11-18周 星期四 3-4节1周 星期四 3-4节",不冲突,30/30
体育必修类,郭聪,羽毛球15,202420252006351,"2-9,11-18周 星期二 7-8节1周 星期二 7-8节",冲突　,30/30
体育必修类,郭聪,羽毛球07,202420252006343,"2-9,11-18周 星期一 7-8节1周 星期一 7-8节",冲突　,30/30
体育必修类,郑欣,乒乓球28,202420252006333,"2-9,11-18周 星期五 5-6节1周 星期五 5-6节",冲突　,10/30
体育必修类,郑欣,乒乓球20,202420252006325,"2-9,11-18周 星期四 3-4节1周 星期四 3-4节",不冲突,30/30
体育必修类,王盛国,乒乓球12,202420252006317,"2-9,11-18周 星期二 7-8节1周 星期二 7-8节",冲突　,30/30
体育必修类,王盛国,乒乓球04,202420252006309,"2-9,11-18周 星期一 5-6节1周 星期一 5-6节",不冲突,30/30
体育必修类,王伟佳,足球07,202420252006423,"1周 星期五 3-4节2-9,11-18周 星期五 3-4节",不冲突,30/30
体育必修类,孙日波,轮滑09,202420252006451,"2-9,11-18周 星期五 5-6节1周 星期五 5-6节",冲突　,30/30
体育必修类,张淼,网球06,202420252006431,"1周 星期三 1-2节2-9,11-18周 星期三 1-2节",冲突　,30/30
体育必修类,王宁,棒球02,202420252006534,"1周 星期二 7-8节2-9,11-18周 星期二 7-8节",冲突　,30/30
体育必修类,王宁,匹克球04,202420252006527,"1周 星期四 5-6节2-9,11-18周 星期四 5-6节",冲突　,30/30
体育必修类,李宏,健身04,202420252006520,"1周 星期二 3-4节2-9,11-18周 星期二 3-4节",冲突　,30/30
体育必修类,王川,武术05,202420252006514,"1周 星期三 3-4节2-9,11-18周 星期三 3-4节",不冲突,30/30
体育必修类,王广阳,网球14,202420252006439,"2-9,11-18周 星期五 5-6节1周 星期五 5-6节",冲突　,21/30
体育必修类,宋颖达,网球09,202420252006434,"2-9,11-18周 星期四 3-4节1周 星期四 3-4节",不冲突,30/30
体育必修类,潘柯佐,网球04,202420252006429,"2-9,11-18周 星期二 5-6节1周 星期二 5-6节",冲突　,30/30
体育必修类,王伟佳,足球04,202420252006420,"2-9,11-18周 星期三 3-4节1周 星期三 3-4节",不冲突,30/30
体育必修类,张丹,交谊舞06,202420252006413,"2-9,11-18周 星期四 7-8节1周 星期四 7-8节",不冲突,30/30
体育必修类,张丹,交谊舞01,202420252006408,"2-9,11-18周 星期二 3-4节1周 星期二 3-4节",冲突　,30/30
体育必修类,葛卫东,篮球16,202420252006392,"2-9,11-18周 星期五 3-4节1周 星期五 3-4节",不冲突,30/30
体育必修类,王清泽,篮球11,202420252006387,"2-9,11-18周 星期四 3-4节1周 星期四 3-4节",不冲突,30/30
体育必修类,葛卫东,篮球07,202420252006383,"2-9,11-18周 星期二 7-8节1周 星期二 7-8节",冲突　,30/30
体育必修类,王清泽,篮球03,202420252006379,"2-9,11-18周 星期一 7-8节1周 星期一 7-8节",冲突　,30/30
体育必修类,赵长璧,羽毛球37,202420252006373,"2-9,11-18周 星期四 3-4节1周 星期四 3-4节",不冲突,30/30
体育必修类,郭聪,羽毛球33,202420252006369,"2-9,11-18周 星期五 5-6节1周 星期五 5-6节",冲突　,28/30
体育必修类,王淼,羽毛球29,202420252006365,"2-9,11-18周 星期五 1-2节1周 星期五 1-2节",冲突　,30/30
体育必修类,王淼,羽毛球32,202420252006368,"1周 星期五 5-6节2-9,11-18周 星期五 5-6节",冲突　,27/30
体育必修类,李颖,24式太极拳01,202420252006454,"1周 星期二 3-4节2-9,11-18周 星期二 3-4节",冲突　,30/30
体育必修类,孙日波,轮滑06,202420252006448,"1周 星期四 5-6节2-9,11-18周 星期四 5-6节",冲突　,30/30
体育必修类,孙日波,轮滑01,202420252006443,"1周 星期二 3-4节2-9,11-18周 星期二 3-4节",冲突　,29/30
体育必修类,宋颖达,匹克球06,202420252006529,"2-9,11-18周 星期五 3-4节1周 星期五 3-4节",不冲突,30/30
体育必修类,宋颖达,匹克球01,202420252006524,"2-9,11-18周 星期二 5-6节1周 星期二 5-6节",冲突　,30/30
体育必修类,李宏,健身06,202420252006522,"2-9,11-18周 星期二 7-8节1周 星期二 7-8节",冲突　,30/30
体育必修类,宋颖达,健身01,202420252006517,"2-9,11-18周 星期一 3-4节1周 星期一 3-4节",冲突　,30/30
体育必修类,王川,武术02,202420252006511,"2-9,11-18周 星期一 5-6节1周 星期一 5-6节",不冲突,30/30
体育必修类,闫东玺,台球14,202420252006507,"2-9,11-18周 星期五 5-6节1周 星期五 5-6节",冲突　,30/30
体育必修类,郭帅伟,乒乓球27,202420252006332,"2-9,11-18周 星期五 5-6节1周 星期五 5-6节",冲突　,17/30
体育必修类,王宁,匹克球05,202420252006528,"2-9,11-18周 星期四 7-8节1周 星期四 7-8节",不冲突,30/30
体育必修类,李宏,健身05,202420252006521,"2-9,11-18周 星期二 5-6节1周 星期二 5-6节",冲突　,30/30
体育必修类,王川,武术06,202420252006515,"2-9,11-18周 星期四 5-6节1周 星期四 5-6节",冲突　,30/30
体育必修类,王川,武术01,202420252006510,"2-9,11-18周 星期一 3-4节1周 星期一 3-4节",冲突　,30/30
体育必修类,闫东玺,台球13,202420252006506,"2-9,11-18周 星期五 3-4节1周 星期五 3-4节",不冲突,30/30
体育必修类,闫东玺,台球08,202420252006501,"2-9,11-18周 星期四 1-2节1周 星期四 1-2节",冲突　,30/30
体育必修类,潘柯佐,台球03,202420252006496,"2-9,11-18周 星期一 7-8节1周 星期一 7-8节",冲突　,30/30
体育必修类,张淼,跆拳道13,202420252006486,"2-9,11-18周 星期五 1-2节1周 星期五 1-2节",冲突　,30/30
体育必修类,闫东玺,跆拳道08,202420252006481,"2-9,11-18周 星期三 3-4节1周 星期三 3-4节",不冲突,30/30
体育必修类,张淼,跆拳道03,202420252006476,"2-9,11-18周 星期一 5-6节1周 星期一 5-6节",不冲突,30/30
体育必修类,李颖,健身气功04,202420252006471,"2-9,11-18周 星期四 7-8节1周 星期四 7-8节",不冲突,30/30
体育必修类,王川,24式太极拳08,202420252006461,"2-9,11-18周 星期四 3-4节1周 星期四 3-4节",不冲突,30/30
体育必修类,王川,24式太极拳03,202420252006456,"2-9,11-18周 星期二 5-6节1周 星期二 5-6节",冲突　,30/30
体育必修类,孙日波,轮滑08,202420252006450,"2-9,11-18周 星期五 3-4节1周 星期五 3-4节",不冲突,30/30
体育必修类,孙日波,轮滑03,202420252006445,"2-9,11-18周 星期二 7-8节1周 星期二 7-8节",冲突　,30/30
体育必修类,潘柯佐,网球13,202420252006438,"2-9,11-18周 星期五 5-6节1周 星期五 5-6节",冲突　,31/30
体育必修类,潘柯佐,网球08,202420252006433,"2-9,11-18周 星期四 3-4节1周 星期四 3-4节",不冲突,30/30
体育必修类,王广阳,网球03,202420252006428,"2-9,11-18周 星期一 7-8节1周 星期一 7-8节",冲突　,30/30
体育必修类,王伟佳,足球08,202420252006424,"2-9,11-18周 星期五 5-6节1周 星期五 5-6节",冲突　,29/30
体育必修类,王伟佳,足球03,202420252006419,"2-9,11-18周 星期二 7-8节1周 星期二 7-8节",冲突　,30/30
体育必修类,张丹,交谊舞05,202420252006412,"2-9,11-18周 星期四 5-6节1周 星期四 5-6节",冲突　,30/30
体育必修类,葛卫东,排球09,202420252006406,"2-9,11-18周 星期五 7-8节1周 星期五 7-8节",不冲突,30/30
体育必修类,王淼,排球06,202420252006403,"1周 星期四 5-6节2-9,11-18周 星期四 5-6节",冲突　,21/30
体育必修类,王清泽,篮球20,202420252006396,"2-9,11-18周 星期四 5-6节1周 星期四 5-6节",冲突　,15/30
体育必修类,葛卫东,篮球15,202420252006391,"1周 星期五 1-2节2-9,11-18周 星期五 1-2节",冲突　,30/30
体育必修类,王川,武术03,202420252006512,"2-9,11-18周 星期一 7-8节1周 星期一 7-8节",冲突　,30/30
体育必修类,王伟佳,台球15,202420252006508,"2-9,11-18周 星期五 7-8节1周 星期五 7-8节",不冲突,30/30
体育必修类,闫东玺,台球10,202420252006503,"2-9,11-18周 星期四 5-6节1周 星期四 5-6节",冲突　,30/30
体育必修类,王清泽,台球05,202420252006498,"2-9,11-18周 星期二 3-4节1周 星期二 3-4节",冲突　,30/30
体育必修类,张淼,跆拳道15,202420252006488,"2-9,11-18周 星期五 5-6节1周 星期五 5-6节",冲突　,27/30
体育必修类,张淼,跆拳道10,202420252006483,"2-9,11-18周 星期四 3-4节1周 星期四 3-4节",不冲突,30/30
体育必修类,闫东玺,跆拳道05,202420252006478,"2-9,11-18周 星期二 3-4节1周 星期二 3-4节",冲突　,30/30
体育必修类,李颖,健身气功01,202420252006468,"2-9,11-18周 星期四 1-2节1周 星期四 1-2节",冲突　,30/30
体育必修类,王川,24式太极拳10,202420252006463,"2-9,11-18周 星期二 3-4节1周 星期二 3-4节",冲突　,30/30
体育必修类,王川,24式太极拳05,202420252006458,"2-9,11-18周 星期二 7-8节1周 星期二 7-8节",冲突　,30/30
体育必修类,孙日波,轮滑05,202420252006447,"2-9,11-18周 星期四 3-4节1周 星期四 3-4节",不冲突,30/30
体育必修类,潘柯佐,网球15,202420252006440,"2-9,11-18周 星期五 7-8节1周 星期五 7-8节",不冲突,30/30
体育必修类,潘柯佐,网球05,202420252006430,"2-9,11-18周 星期二 7-8节1周 星期二 7-8节",冲突　,30/30
体育必修类,王伟佳,足球05,202420252006421,"2-9,11-18周 星期四 3-4节1周 星期四 3-4节",不冲突,30/30
体育必修类,郑欣,交谊舞07,202420252006414,"2-9,11-18周 星期五 1-2节1周 星期五 1-2节",冲突　,30/30
体育必修类,郑欣,交谊舞02,202420252006409,"2-9,11-18周 星期三 1-2节1周 星期三 1-2节",冲突　,30/30
体育必修类,王淼,排球07,202420252006404,"2-9,11-18周 星期五 3-4节1周 星期五 3-4节",不冲突,30/30
体育必修类,葛卫东,排球01,202420252006398,"2-9,11-18周 星期一 3-4节1周 星期一 3-4节",冲突　,30/30
体育必修类,王清泽,篮球17,202420252006393,"2-9,11-18周 星期五 3-4节1周 星期五 3-4节",不冲突,30/30
体育必修类,司亮,篮球12,202420252006388,"2-9,11-18周 星期四 5-6节1周 星期四 5-6节",冲突　,5/30
体育必修类,司亮,篮球08,202420252006384,"2-9,11-18周 星期二 7-8节1周 星期二 7-8节",冲突　,30/30
体育必修类,葛卫东,篮球04,202420252006380,"2-9,11-18周 星期二 3-4节1周 星期二 3-4节",冲突　,11/30
体育必修类,郭聪,羽毛球38,202420252006374,"2-9,11-18周 星期五 3-4节1周 星期五 3-4节",不冲突,30/30
体育必修类,李宏,羽毛球34,202420252006370,"2-9,11-18周 星期四 7-8节1周 星期四 7-8节",不冲突,30/30
体育必修类,李宏,羽毛球30,202420252006366,"2-9,11-18周 星期五 3-4节1周 星期五 3-4节",不冲突,30/30
体育必修类,郭聪,羽毛球26,202420252006362,"2-9,11-18周 星期四 7-8节1周 星期四 7-8节",不冲突,30/30
体育必修类,赵长璧,羽毛球22,202420252006358,"2-9,11-18周 星期四 1-2节1周 星期四 1-2节",冲突　,30/30
体育必修类,刘美子,羽毛球18,202420252006354,"2-9,11-18周 星期三 1-2节1周 星期三 1-2节",冲突　,30/30
体育必修类,王淼,羽毛球14,202420252006350,"2-9,11-18周 星期二 7-8节1周 星期二 7-8节",冲突　,30/30
体育必修类,司亮,篮球14,202420252006390,"1周 星期四 7-8节2-9,11-18周 星期四 7-8节",不冲突,30/30
体育必修类,葛卫东,篮球10,202420252006386,"1周 星期三 3-4节2-9,11-18周 星期三 3-4节",不冲突,10/30
体育必修类,葛卫东,篮球06,202420252006382,"1周 星期二 5-6节2-9,11-18周 星期二 5-6节",冲突　,11/30
体育必修类,李宏,羽毛球36,202420252006372,"1周 星期四 3-4节2-9,11-18周 星期四 3-4节",不冲突,30/30
体育必修类,王清泽,篮球02,202420252006378,"1周 星期一 5-6节2-9,11-18周 星期一 5-6节",不冲突,30/30
体育必修类,闫东玺,台球09,202420252006502,"2-9,11-18周 星期四 3-4节1周 星期四 3-4节",不冲突,30/30
体育必修类,王清泽,台球04,202420252006497,"2-9,11-18周 星期二 5-6节1周 星期二 5-6节",冲突　,30/30
体育必修类,张淼,跆拳道14,202420252006487,"2-9,11-18周 星期五 3-4节1周 星期五 3-4节",不冲突,30/30
体育必修类,张淼,跆拳道09,202420252006482,"2-9,11-18周 星期四 1-2节1周 星期四 1-2节",冲突　,30/30
体育必修类,张淼,跆拳道04,202420252006477,"2-9,11-18周 星期一 7-8节1周 星期一 7-8节",冲突　,30/30
体育必修类,李颖,健身气功05,202420252006472,"2-9,11-18周 星期三 3-4节1周 星期三 3-4节",不冲突,30/30
体育必修类,王川,24式太极拳09,202420252006462,"2-9,11-18周 星期四 7-8节1周 星期四 7-8节",不冲突,30/30
体育必修类,李颖,24式太极拳04,202420252006457,1周 星期二 7-8节1周 星期二 7-8节,冲突　,30/30
体育必修类,孙日波,轮滑10,202420252006452,"2-9,11-18周 星期五 7-8节1周 星期五 7-8节",不冲突,30/30
体育必修类,宋颖达,轮滑04,202420252006446,"2-9,11-18周 星期三 3-4节1周 星期三 3-4节",不冲突,30/30
体育必修类,李宏,羽毛球31,202420252006367,"2-9,11-18周 星期五 5-6节1周 星期五 5-6节",冲突　,30/30
体育必修类,王广阳,网球16,202420252006441,"1周 星期五 7-8节2-9,11-18周 星期五 7-8节",不冲突,30/30
体育必修类,宋颖达,网球11,202420252006436,"1周 星期四 5-6节2-9,11-18周 星期四 5-6节",冲突　,29/30
体育必修类,王广阳,网球02,202420252006427,"1周 星期一 5-6节2-9,11-18周 星期一 5-6节",不冲突,30/30
体育必修类,王伟佳,足球06,202420252006422,"1周 星期四 5-6节2-9,11-18周 星期四 5-6节",冲突　,30/30
体育必修类,王伟佳,足球01,202420252006417,"1周 星期二 3-4节2-9,11-18周 星期二 3-4节",冲突　,27/30
体育必修类,郑欣,交谊舞03,202420252006410,"1周 星期三 3-4节2-9,11-18周 星期三 3-4节",不冲突,30/30
体育必修类,王淼,排球05,202420252006402,"1周 星期四 3-4节2-9,11-18周 星期四 3-4节",不冲突,29/30
体育必修类,葛卫东,排球03,202420252006400,"1周 星期一 7-8节2-9,11-18周 星期一 7-8节",冲突　,30/30
体育必修类,王清泽,篮球19,202420252006395,"1周 星期五 7-8节2-9,11-18周 星期五 7-8节",不冲突,30/30
体育必修类,王清泽,篮球13,202420252006389,"2-9,11-18周 星期四 7-8节1周 星期四 7-8节",不冲突,30/30
体育必修类,司亮,篮球05,202420252006381,"2-9,11-18周 星期二 5-6节1周 星期二 5-6节",冲突　,4/30
体育必修类,郭聪,羽毛球39,202420252006375,"2-9,11-18周 星期四 5-6节1周 星期四 5-6节",冲突　,30/30
体育必修类,王淼,羽毛球27,202420252006363,"2-9,11-18周 星期四 7-8节1周 星期四 7-8节",不冲突,30/30
体育必修类,刘美子,羽毛球19,202420252006355,"2-9,11-18周 星期三 3-4节1周 星期三 3-4节",不冲突,30/30
体育必修类,郑欣,乒乓球24,202420252006329,"2-9,11-18周 星期四 7-8节1周 星期四 7-8节",不冲突,30/30
体育必修类,王宁,乒乓球16,202420252006321,"2-9,11-18周 星期三 3-4节1周 星期三 3-4节",不冲突,30/30
体育必修类,王盛国,乒乓球08,202420252006313,"2-9,11-18周 星期二 3-4节1周 星期二 3-4节",冲突　,10/30
体育必修类,刘美子,羽毛球11,202420252006347,"2-9,11-18周 星期二 3-4节1周 星期二 3-4节",冲突　,18/30
体育必修类,李宏,羽毛球03,202420252006339,"2-9,11-18周 星期一 5-6节1周 星期一 5-6节",不冲突,30/30
体育必修类,闫东玺,台球12,202420252006505,"1周 星期五 1-2节2-9,11-18周 星期五 1-2节",冲突　,30/30
体育必修类,王伟佳,台球07,202420252006500,"1周 星期三 1-2节2-9,11-18周 星期三 1-2节",冲突　,31/30
体育必修类,潘柯佐,台球02,202420252006495,"1周 星期一 5-6节2-9,11-18周 星期一 5-6节",不冲突,30/30
体育必修类,赵长璧,气排球02,202420252006492,"1周 星期二 7-8节2-9,11-18周 星期二 7-8节",冲突　,30/30
体育必修类,张淼,跆拳道12,202420252006485,"1周 星期四 7-8节2-9,11-18周 星期四 7-8节",不冲突,30/30
体育必修类,闫东玺,跆拳道07,202420252006480,"1周 星期三 1-2节2-9,11-18周 星期三 1-2节",冲突　,30/30
体育必修类,闫东玺,跆拳道02,202420252006475,"1周 星期一 3-4节2-9,11-18周 星期一 3-4节",冲突　,30/30
体育必修类,李颖,健身气功03,202420252006470,"1周 星期四 5-6节2-9,11-18周 星期四 5-6节",冲突　,30/30
体育必修类,张丹,健美操02,202420252006466,"1周 星期二 7-8节2-9,11-18周 星期二 7-8节",冲突　,30/30
体育必修类,王川,24式太极拳07,202420252006460,"1周 星期四 1-2节2-9,11-18周 星期四 1-2节",冲突　,30/30
体育必修类,李颖,24式太极拳02,202420252006455,"1周 星期二 5-6节2-9,11-18周 星期二 5-6节",冲突　,30/30
体育必修类,孙日波,轮滑07,202420252006449,"1周 星期四 7-8节2-9,11-18周 星期四 7-8节",不冲突,30/30
体育必修类,孙日波,轮滑02,202420252006444,"1周 星期二 5-6节2-9,11-18周 星期二 5-6节",冲突　,30/30
体育必修类,王宁,棒球01,202420252006533,"1周 星期二 5-6节2-9,11-18周 星期二 5-6节",冲突　,29/30
体育必修类,宋颖达,匹克球08,202420252006531,"1周 星期五 7-8节2-9,11-18周 星期五 7-8节",不冲突,30/30
体育必修类,王宁,匹克球03,202420252006526,"1周 星期四 3-4节2-9,11-18周 星期四 3-4节",不冲突,30/30
体育必修类,宋颖达,健身03,202420252006519,"1周 星期一 7-8节2-9,11-18周 星期一 7-8节",冲突　,30/30
体育必修类,王川,武术04,202420252006513,"1周 星期三 1-2节2-9,11-18周 星期三 1-2节",冲突　,30/30
体育必修类,王伟佳,台球11,202420252006504,"1周 星期四 7-8节2-9,11-18周 星期四 7-8节",不冲突,30/30
体育必修类,王清泽,台球06,202420252006499,"1周 星期二 7-8节2-9,11-18周 星期二 7-8节",冲突　,30/30
体育必修类,王清泽,台球01,202420252006494,"1周 星期一 3-4节2-9,11-18周 星期一 3-4节",冲突　,30/30
体育必修类,赵长璧,气排球01,202420252006491,"1周 星期二 5-6节2-9,11-18周 星期二 5-6节",冲突　,30/30
体育必修类,张淼,跆拳道16,202420252006489,"1周 星期五 7-8节2-9,11-18周 星期五 7-8节",不冲突,30/30
体育必修类,张淼,跆拳道11,202420252006484,"1周 星期四 5-6节2-9,11-18周 星期四 5-6节",冲突　,30/30
体育必修类,闫东玺,跆拳道06,202420252006479,"1周 星期二 5-6节2-9,11-18周 星期二 5-6节",冲突　,30/30
体育必修类,闫东玺,跆拳道01,202420252006474,"1周 星期一 5-6节2-9,11-18周 星期一 5-6节",不冲突,30/30
体育必修类,李颖,健身气功02,202420252006469,"1周 星期四 3-4节2-9,11-18周 星期四 3-4节",不冲突,30/30
体育必修类,张丹,健美操01,202420252006465,"1周 星期二 5-6节2-9,11-18周 星期二 5-6节",冲突　,30/30
体育必修类,李颖,24式太极拳06,202420252006459,"1周 星期三 1-2节2-9,11-18周 星期三 1-2节",冲突　,30/30
网络通识课,无　,中国道路的经....,202420252007424,时间任选,不冲突,120/120
网络通识课,无　,科学计算与M....,202420252007364,时间任选,不冲突,120/120
网络通识课,无　,中华传统文化....,202420252007439,时间任选,不冲突,120/120
公共任选课,无　,外贸单证实务,202420252007344,时间任选,冲突　,2/30
网络通识课,无　,4：大学生英....,202420252007511,时间任选,不冲突,120/120
公共任选课,无　,中西文学鉴赏,202420252006558,时间任选,不冲突,47/60
网络通识课,无　,伦理学概,202420252007481,时间任选,不冲突,119/120
公共任选课,无　,影视英语口语,202420252007347,时间任选,冲突　,29/30
公共任选课,无　,影视英语口语,202420252007348,时间任选,不冲突,26/30
公共任选课,无　,影视英语口语,202420252007349,时间任选,冲突　,13/30
公共任选课,无　,影视英语口语,202420252007350,时间任选,不冲突,28/30
公共任选课,无　,国际结算,202420252007340,时间任选,不冲突,2/30
网络通识课,无　,海洋与人类文明,202420252007470,时间任选,不冲突,120/120
网络通识课,无　,白俄罗斯文化之旅,202420252007456,时间任选,不冲突,120/120
公共任选课,无　,中国共产党历史,202420252006300,时间任选,不冲突,10/40
公共任选课,无　,新媒体文化创....,202420252006283,时间任选,冲突　,23/30
公共任选课,无　,新媒体文化创....,202420252006284,时间任选,冲突　,11/30
公共任选课,无　,公司治理案例....,202420252006546,时间任选,不冲突,25/30
网络通识课,无　,身边的基因科学,202420252007383,时间任选,不冲突,120/120
网络通识课,无　,中国现代文学....,202420252007427,时间任选,不冲突,120/120
公共任选课,无　,中国当代文化源流,202420252006297,时间任选,冲突　,21/50
网络通识课,无　,航空概论,202420252007508,时间任选,不冲突,120/120
网络通识课,无　,高级英语写作,202420252007504,时间任选,不冲突,120/120
网络通识课,无　,组织行为与领导力,202420252007445,时间任选,不冲突,120/120
信息技术类,无　,面向语言数据....,202420252006557,时间任选,不冲突,7/30
艺术类公共任选,无　,世界钢琴作品赏析,202420252007519,时间任选,不冲突,29/30
网络通识课,无　,新媒体环境下....,202420252007411,时间任选,不冲突,120/120
网络通识课,无　,批创思维导论,202420252007485,时间任选,不冲突,120/120
网络通识课,无　,商业计划书制....,202420252007381,时间任选,不冲突,120/120
公共任选课,无　,泰语入门级文....,202420252006553,时间任选,冲突　,16/15
公共任选课,无　,泰语入门级文....,202420252006554,时间任选,不冲突,15/15
网络通识课,无　,人人都能上手....,202420252007492,时间任选,不冲突,120/120
艺术类网络课程,无　,戏剧鉴赏,202420252007453,时间任选,不冲突,120/120
网络通识课,无　,法律与社会,202420252007465,时间任选,不冲突,120/120
网络通识课,无　,创业法学,202420252007497,时间任选,不冲突,120/120
公共任选课,无　,新闻采访与写作,202420252006291,时间任选,不冲突,29/30
公共任选课,无　,国际贸易,202420252006559,时间任选,不冲突,47/150
网络通识课,无　,生态文明——....,202420252007387,时间任选,不冲突,120/120
创新创业类,无　,西方篇,202420252006287,时间任选,冲突　,29/35
网络通识课,无　,人工智能，语....,202420252007490,时间任选,不冲突,120/120
网络通识课,无　,移动互联网时....,202420252007417,时间任选,不冲突,120/120
网络通识课,无　,创新中国,202420252007459,时间任选,不冲突,119/120
网络通识课,无　,红色旅游与文....,202420252007509,时间任选,不冲突,120/120
公共任选课,无　,《红楼梦》研读,202420252006280,时间任选,冲突　,83/90
公共任选课,无　,《红楼梦》研读,202420252006281,时间任选,不冲突,90/90
公共任选课,无　,《红楼梦》研读,202420252006279,时间任选,不冲突,27/90
网络通识课,无　,大国兵器,202420252007461,时间任选,不冲突,120/120
艺术类网络课程,无　,影视鉴赏,202420252007444,时间任选,不冲突,120/120
网络通识课,无　,世界文明史,202420252007392,时间任选,不冲突,120/120
网络通识课,无　,决胜未来：大....,202420252007477,时间任选,不冲突,120/120
网络通识课,无　,中日茶道文化....,202420252007440,时间任选,不冲突,120/120
网络通识课,无　,生成式人工智....,202420252007385,时间任选,不冲突,119/120
网络通识课,无　,区块链技术与应用,202420252007489,时间任选,不冲突,120/120
网络通识课,无　,新青年·习党史,202420252007412,时间任选,不冲突,120/120
公共任选课,无　,手机旅拍入门,202420252007026,时间任选,不冲突,30/30
网络通识课,无　,穿T恤听古典音乐,202420252007495,时间任选,不冲突,120/120
艺术类公共任选,无　,中国古诗词歌....,202420252007345,时间任选,不冲突,6/30
创新创业类,无　,阅读经典：中....,202420252006286,时间任选,冲突　,10/35
网络通识课,无　,批判与创意思考,202420252007372,时间任选,不冲突,120/120
网络通识课,无　,光影中国,202420252007506,时间任选,不冲突,119/120
网络通识课,无　,走进东盟,202420252007442,时间任选,不冲突,120/120
创新创业类,无　,就业指导工作....,202420252007341,时间任选,不冲突,1/60
网络通识课,无　,智慧海洋,202420252007434,时间任选,不冲突,120/120
网络通识课,无　,走近中华优秀....,202420252007455,时间任选,不冲突,120/120
公共任选课,无　,财富密码：金....,202420252007025,时间任选,不冲突,46/50
艺术类网络课程,无　,艺术哲学：美....,202420252007446,时间任选,不冲突,120/120
网络通识课,无　,宪法与法律,202420252007409,时间任选,不冲突,120/120
公共任选课,无　,经济学基础,202420252007030,时间任选,冲突　,44/50
网络通识课,无　,精益—大学生....,202420252007514,时间任选,不冲突,120/120
网络通识课,无　,汽车之旅,202420252007487,时间任选,不冲突,119/120
网络通识课,无　,机器学习初步,202420252007473,时间任选,不冲突,120/120
网络通识课,无　,食品营养与健....,202420252007389,时间任选,不冲突,120/120
公共任选课,无　,中国古典小说....,202420252006282,时间任选,冲突　,28/50
艺术类网络课程,无　,美术鉴赏,202420252007449,时间任选,不冲突,918/5000
网络通识课,无　,国际金融,202420252007469,时间任选,不冲突,120/120
网络通识课,无　,精读《未来简史》,202420252007476,时间任选,不冲突,120/120
网络通识课,无　,人力资源管理....,202420252007491,时间任选,不冲突,120/120
网络通识课,无　,信息系统与数....,202420252007414,时间任选,不冲突,120/120
公共任选课,无　,朋辈心理辅导,202420252006569,时间任选,不冲突,133/200
网络通识课,无　,阿拉伯世界的....,202420252007454,时间任选,不冲突,120/120
创新创业类,无　,生活中的哲学,202420252006288,时间任选,不冲突,27/30
公共任选课,无　,大连党史人物....,202420252006555,时间任选,冲突　,20/20
网络通识课,无　,无人机设计导论,202420252007404,时间任选,不冲突,119/120
艺术类网络课程,无　,书法鉴赏（浙....,202420252007447,时间任选,不冲突,119/120
网络通识课,无　,影响力从语言开始,202420252007421,时间任选,不冲突,120/120
公共任选课,无　,蒙古国影视文....,202420252007352,时间任选,不冲突,15/20
网络通识课,无　,李白导读,202420252007366,时间任选,不冲突,120/120
网络通识课,无　,什么是科学,202420252007384,时间任选,不冲突,120/120
网络通识课,无　,时间管理,202420252007388,时间任选,不冲突,120/120
艺术类公共任选,无　,书法,202420252007545,时间任选,不冲突,20/20
艺术类公共任选,无　,书法,202420252007544,时间任选,不冲突,20/20
网络通识课,无　,数字影视编导....,202420252007396,时间任选,不冲突,120/120
网络通识课,无　,丝绸之路上的民族,202420252007397,时间任选,不冲突,120/120
创新创业类,无　,大数据思维与实践,202420252006285,时间任选,冲突　,5/45
